{
  "0": 0.7047417924700926,
  "1": 0.7321657815045336,
  "10": 0.8813176688216002,
  "11": 1.0296269222942107,
  "12": 1.2112096696104677,
  "13": 1.289625589948646,
  "14": 1.4234963031174426,
  "2": 0.8403111935891924,
  "3": 0.995448065004993,
  "4": 1.1632058610451501,
  "5": 1.2724714600410651,
  "6": 1.4525555391554694,
  "7": 1.340808080672111,
  "8": 1.0907228495792904,
  "9": 0.7827181442027297
}
